{
  "total_queries": 15,
  "queries_with_multiple_texts": 5,
  "avg_gold_texts_per_query": 1.6,
  "mean_text_recall": 0.55,
  "std_text_recall": 0.484767985741633,
  "min_text_recall": 0.0,
  "max_text_recall": 1.0,
  "mean_text_precision": 0.10000000000000002,
  "std_text_precision": 0.08944271909999159,
  "min_text_precision": 0.0,
  "max_text_precision": 0.2,
  "mean_text_f1": 0.14006734006734012,
  "std_text_f1": 0.14111881941818558,
  "min_text_f1": 0.0,
  "max_text_f1": 0.33333333333333337,
  "mean_ctx_precision": 0.06648243615170592,
  "std_ctx_precision": 0.05118603430172713,
  "min_ctx_precision": 0.0,
  "max_ctx_precision": 0.19672131147540983,
  "mean_ctx_recall": 0.6050671550671551,
  "std_ctx_recall": 0.4084342802774282,
  "min_ctx_recall": 0.0,
  "max_ctx_recall": 1.0,
  "mean_ctx_f1": 0.1172103645185831,
  "std_ctx_f1": 0.08778215555908438,
  "min_ctx_f1": 0.0,
  "max_ctx_f1": 0.3287671232876712,
  "mean_chunk_overlap": 0.23592550790601066,
  "std_chunk_overlap": 0.03445705471489758,
  "min_chunk_overlap": 0.18130481280618665,
  "max_chunk_overlap": 0.29710978428651835,
  "mean_min_chunk_overlap": 0.1343086162791676,
  "std_min_chunk_overlap": 0.046075714543055625,
  "min_min_chunk_overlap": 0.06638115631691649,
  "max_min_chunk_overlap": 0.20545073375262055,
  "mean_max_chunk_overlap": 0.4777695188423562,
  "std_max_chunk_overlap": 0.2020280320383035,
  "min_max_chunk_overlap": 0.24271844660194175,
  "max_max_chunk_overlap": 0.8763736263736264,
  "mean_text_supported@1": 0.4666666666666667,
  "std_text_supported@1": 0.49888765156985887,
  "min_text_supported@1": 0.0,
  "max_text_supported@1": 1.0,
  "mean_text_supported@3": 0.22222222222222224,
  "std_text_supported@3": 0.2330686329267003,
  "min_text_supported@3": 0.0,
  "max_text_supported@3": 0.6666666666666666,
  "mean_text_recall@1": 0.36666666666666664,
  "std_text_recall@1": 0.46427960923947065,
  "min_text_recall@1": 0.0,
  "max_text_recall@1": 1.0,
  "mean_text_recall@3": 0.4666666666666667,
  "std_text_recall@3": 0.49888765156985887,
  "min_text_recall@3": 0.0,
  "max_text_recall@3": 1.0,
  "mean_bleu": 0.03419024319145571,
  "std_bleu": 0.0342985104216436,
  "min_bleu": 1.0300185274803412e-07,
  "max_bleu": 0.12297747844607611,
  "multi_queries": 5,
  "multi_mean_text_f1": 0.11111111111111112,
  "multi_mean_ctx_f1": 0.11673391714234396,
  "multi_mean_text_recall@3": 0.2,
  "multi_mean_text_recall@5": 0.0,
  "single_queries": 10,
  "single_mean_text_f1": 0.15454545454545454,
  "single_mean_ctx_f1": 0.11744858820670265,
  "single_mean_text_recall@3": 0.6,
  "single_mean_text_recall@5": 0.0,
  "both_queries": 0,
  "both_mean_text_f1": NaN,
  "both_mean_ctx_f1": NaN,
  "both_mean_text_recall@3": NaN,
  "both_mean_text_recall@5": 0.0
}