{
  "total_queries": 15,
  "queries_with_multiple_texts": 5,
  "avg_gold_texts_per_query": 1.6,
  "mean_text_recall": 0.65,
  "std_text_recall": 0.44534630719624624,
  "min_text_recall": 0.0,
  "max_text_recall": 1.0,
  "mean_text_precision": 0.13333333333333336,
  "std_text_precision": 0.08692269873603532,
  "min_text_precision": 0.0,
  "max_text_precision": 0.3,
  "mean_text_f1": 0.18552188552188553,
  "std_text_f1": 0.12875607538480396,
  "min_text_f1": 0.0,
  "max_text_f1": 0.33333333333333337,
  "mean_ctx_precision": 0.07571951286679007,
  "std_ctx_precision": 0.04565964787367745,
  "min_ctx_precision": 0.0,
  "max_ctx_precision": 0.19148936170212766,
  "mean_ctx_recall": 0.7693528693528694,
  "std_ctx_recall": 0.3549224780950693,
  "min_ctx_recall": 0.0,
  "max_ctx_recall": 1.0,
  "mean_ctx_f1": 0.13532459965015223,
  "std_ctx_f1": 0.07788505582940577,
  "min_ctx_f1": 0.0,
  "max_ctx_f1": 0.32142857142857145,
  "mean_chunk_overlap": 0.24238675552946842,
  "std_chunk_overlap": 0.03614324845069516,
  "min_chunk_overlap": 0.19308821587903746,
  "max_chunk_overlap": 0.3293103084963724,
  "mean_min_chunk_overlap": 0.13823767402762493,
  "std_min_chunk_overlap": 0.049009486280684855,
  "min_min_chunk_overlap": 0.049586776859504134,
  "max_min_chunk_overlap": 0.22244094488188976,
  "mean_max_chunk_overlap": 0.5185494056997125,
  "std_max_chunk_overlap": 0.1918838777838588,
  "min_max_chunk_overlap": 0.2787878787878788,
  "max_max_chunk_overlap": 0.8763736263736264,
  "mean_text_supported@1": 0.5333333333333333,
  "std_text_supported@1": 0.4988876515698588,
  "min_text_supported@1": 0.0,
  "max_text_supported@1": 1.0,
  "mean_text_supported@3": 0.24444444444444446,
  "std_text_supported@3": 0.22662308949301266,
  "min_text_supported@3": 0.0,
  "max_text_supported@3": 0.6666666666666666,
  "mean_text_recall@1": 0.5,
  "std_text_recall@1": 0.48304589153964794,
  "min_text_recall@1": 0.0,
  "max_text_recall@1": 1.0,
  "mean_text_recall@3": 0.5666666666666667,
  "std_text_recall@3": 0.4784233364802441,
  "min_text_recall@3": 0.0,
  "max_text_recall@3": 1.0,
  "mean_bleu": 0.043947793428239,
  "std_bleu": 0.031018230170837328,
  "min_bleu": 3.2323055855636944e-05,
  "max_bleu": 0.11361409754211478,
  "multi_queries": 5,
  "multi_mean_text_f1": 0.11414141414141414,
  "multi_mean_ctx_f1": 0.08851644110192655,
  "multi_mean_text_recall@3": 0.1,
  "multi_mean_text_recall@5": 0.0,
  "single_queries": 10,
  "single_mean_text_f1": 0.22121212121212125,
  "single_mean_ctx_f1": 0.15872867892426504,
  "single_mean_text_recall@3": 0.8,
  "single_mean_text_recall@5": 0.0,
  "both_queries": 0,
  "both_mean_text_f1": NaN,
  "both_mean_ctx_f1": NaN,
  "both_mean_text_recall@3": NaN,
  "both_mean_text_recall@5": 0.0
}