{
  "total_queries": 15,
  "queries_with_multiple_texts": 0,
  "avg_gold_texts_per_query": 0.6666666666666666,
  "mean_text_recall": 0.4,
  "std_text_recall": 0.48989794855663565,
  "min_text_recall": 0.0,
  "max_text_recall": 1.0,
  "mean_text_precision": 0.07333333333333332,
  "std_text_precision": 0.08537498983243799,
  "min_text_precision": 0.0,
  "max_text_precision": 0.2,
  "mean_text_f1": 0.10303030303030303,
  "std_text_f1": 0.13497610576557628,
  "min_text_f1": 0.0,
  "max_text_f1": 0.33333333333333337,
  "mean_ctx_precision": 0.04328314099054334,
  "std_ctx_precision": 0.04461501505806311,
  "min_ctx_precision": 0.0,
  "max_ctx_precision": 0.12727272727272726,
  "mean_ctx_recall": 0.4611111111111111,
  "std_ctx_recall": 0.4702901652237402,
  "min_ctx_recall": 0.0,
  "max_ctx_recall": 1.0,
  "mean_ctx_f1": 0.07829905880446845,
  "std_ctx_f1": 0.08035458118160603,
  "min_ctx_f1": 0.0,
  "max_ctx_f1": 0.22580645161290322,
  "mean_chunk_overlap": 0.15662929460884617,
  "std_chunk_overlap": 0.11433840343228172,
  "min_chunk_overlap": 0.0,
  "max_chunk_overlap": 0.29710978428651835,
  "mean_min_chunk_overlap": 0.08002711431630999,
  "std_min_chunk_overlap": 0.06436292726007284,
  "min_min_chunk_overlap": 0.0,
  "max_min_chunk_overlap": 0.18962075848303392,
  "mean_max_chunk_overlap": 0.32749287067295907,
  "std_max_chunk_overlap": 0.2793115492319945,
  "min_max_chunk_overlap": 0.0,
  "max_max_chunk_overlap": 0.8763736263736264,
  "mean_text_supported@1": 0.4,
  "std_text_supported@1": 0.48989794855663565,
  "min_text_supported@1": 0.0,
  "max_text_supported@1": 1.0,
  "mean_text_supported@3": 0.17777777777777776,
  "std_text_supported@3": 0.20608041101101562,
  "min_text_supported@3": 0.0,
  "max_text_supported@3": 0.6666666666666666,
  "mean_text_recall@1": 0.3333333333333333,
  "std_text_recall@1": 0.47140452079103173,
  "min_text_recall@1": 0.0,
  "max_text_recall@1": 1.0,
  "mean_text_recall@3": 0.4,
  "std_text_recall@3": 0.48989794855663565,
  "min_text_recall@3": 0.0,
  "max_text_recall@3": 1.0,
  "mean_bleu": 0.0235329593120895,
  "std_bleu": 0.026330566641165003,
  "min_bleu": 0.0,
  "max_bleu": 0.07259078172285663,
  "multi_queries": 0,
  "multi_mean_text_f1": NaN,
  "multi_mean_ctx_f1": NaN,
  "multi_mean_text_recall@3": NaN,
  "multi_mean_text_recall@5": 0.0,
  "single_queries": 0,
  "single_mean_text_f1": NaN,
  "single_mean_ctx_f1": NaN,
  "single_mean_text_recall@3": NaN,
  "single_mean_text_recall@5": 0.0,
  "both_queries": 10,
  "both_mean_text_f1": 0.15454545454545454,
  "both_mean_ctx_f1": 0.11744858820670265,
  "both_mean_text_recall@3": 0.6,
  "both_mean_text_recall@5": 0.0
}