{
  "total_queries": 15,
  "queries_with_multiple_texts": 5,
  "avg_gold_texts_per_query": 1.6,
  "mean_text_recall": 0.55,
  "std_text_recall": 0.484767985741633,
  "min_text_recall": 0.0,
  "max_text_recall": 1.0,
  "mean_text_precision": 0.17777777777777776,
  "std_text_precision": 0.20608041101101562,
  "min_text_precision": 0.0,
  "max_text_precision": 0.6666666666666666,
  "mean_text_f1": 0.22,
  "std_text_f1": 0.2785677655436824,
  "min_text_f1": 0.0,
  "max_text_f1": 0.8,
  "mean_ctx_precision": 0.0892951928246046,
  "std_ctx_precision": 0.09551729803674754,
  "min_ctx_precision": 0.0,
  "max_ctx_precision": 0.3333333333333333,
  "mean_ctx_recall": 0.43803418803418803,
  "std_ctx_recall": 0.4002085985413226,
  "min_ctx_recall": 0.0,
  "max_ctx_recall": 1.0,
  "mean_ctx_f1": 0.14140398700171447,
  "std_ctx_f1": 0.14708062499705546,
  "min_ctx_f1": 0.0,
  "max_ctx_f1": 0.5,
  "mean_chunk_overlap": 0.18759112602659295,
  "std_chunk_overlap": 0.06861518018041295,
  "min_chunk_overlap": 0.11402871213873667,
  "max_chunk_overlap": 0.3288824422795987,
  "mean_min_chunk_overlap": 0.12154010068494502,
  "std_min_chunk_overlap": 0.03983691844768272,
  "min_min_chunk_overlap": 0.06141732283464567,
  "max_min_chunk_overlap": 0.21067415730337077,
  "mean_max_chunk_overlap": 0.26185975684262297,
  "std_max_chunk_overlap": 0.15465354583983987,
  "min_max_chunk_overlap": 0.1461794019933555,
  "max_max_chunk_overlap": 0.668918918918919,
  "mean_text_supported@1": 0.3333333333333333,
  "std_text_supported@1": 0.47140452079103173,
  "min_text_supported@1": 0.0,
  "max_text_supported@1": 1.0,
  "mean_text_supported@3": 0.15555555555555553,
  "std_text_supported@3": 0.20608041101101562,
  "min_text_supported@3": 0.0,
  "max_text_supported@3": 0.6666666666666666,
  "mean_text_recall@1": 0.48333333333333334,
  "std_text_recall@1": 0.48705463987341524,
  "min_text_recall@1": 0.0,
  "max_text_recall@1": 1.0,
  "mean_text_recall@3": 0.55,
  "std_text_recall@3": 0.484767985741633,
  "min_text_recall@3": 0.0,
  "max_text_recall@3": 1.0,
  "mean_bleu": 0.05589235539195393,
  "std_bleu": 0.06032978722124703,
  "min_bleu": 2.0989457062731966e-07,
  "max_bleu": 0.19984889314057436,
  "multi_queries": 5,
  "multi_mean_text_f1": 0.0,
  "multi_mean_ctx_f1": 0.04497751124437781,
  "multi_mean_text_recall@3": 0.05,
  "multi_mean_text_recall@5": 0.0,
  "single_queries": 10,
  "single_mean_text_f1": 0.32999999999999996,
  "single_mean_ctx_f1": 0.18961722488038277,
  "single_mean_text_recall@3": 0.8,
  "single_mean_text_recall@5": 0.0,
  "both_queries": 0,
  "both_mean_text_f1": NaN,
  "both_mean_ctx_f1": NaN,
  "both_mean_text_recall@3": NaN,
  "both_mean_text_recall@5": 0.0
}