{
  "total_queries": 15,
  "queries_with_multiple_texts": 5,
  "avg_gold_texts_per_query": 1.6,
  "mean_text_recall": 0.5333333333333333,
  "std_text_recall": 0.4642796092394706,
  "min_text_recall": 0.0,
  "max_text_recall": 1.0,
  "mean_text_precision": 0.15333333333333332,
  "std_text_precision": 0.1667999467092907,
  "min_text_precision": 0.0,
  "max_text_precision": 0.5,
  "mean_text_f1": 0.22564380064380068,
  "std_text_f1": 0.2351153988399633,
  "min_text_f1": 0.0,
  "max_text_f1": 0.6666666666666666,
  "mean_ctx_precision": 0.09424321406862436,
  "std_ctx_precision": 0.08878579904187671,
  "min_ctx_precision": 0.0,
  "max_ctx_precision": 0.3548387096774194,
  "mean_ctx_recall": 0.5079365079365079,
  "std_ctx_recall": 0.3391685029135322,
  "min_ctx_recall": 0.0,
  "max_ctx_recall": 1.0,
  "mean_ctx_f1": 0.15048374171224874,
  "std_ctx_f1": 0.12327861845274857,
  "min_ctx_f1": 0.0,
  "max_ctx_f1": 0.46315789473684216,
  "mean_chunk_overlap": 0.29589199613471256,
  "std_chunk_overlap": 0.05030460997783961,
  "min_chunk_overlap": 0.22541973386785424,
  "max_chunk_overlap": 0.4314166314509495,
  "mean_min_chunk_overlap": 0.17358207256980365,
  "std_min_chunk_overlap": 0.04250625615121478,
  "min_min_chunk_overlap": 0.10054347826086957,
  "max_min_chunk_overlap": 0.27040816326530615,
  "mean_max_chunk_overlap": 0.4968751117370417,
  "std_max_chunk_overlap": 0.19698055999332048,
  "min_max_chunk_overlap": 0.2857142857142857,
  "max_max_chunk_overlap": 0.9930795847750865,
  "mean_text_supported@1": 0.2,
  "std_text_supported@1": 0.4000000000000001,
  "min_text_supported@1": 0.0,
  "max_text_supported@1": 1.0,
  "mean_text_supported@3": 0.17777777777777776,
  "std_text_supported@3": 0.23934065809486682,
  "min_text_supported@3": 0.0,
  "max_text_supported@3": 0.6666666666666666,
  "mean_text_recall@1": 0.26666666666666666,
  "std_text_recall@1": 0.44221663871405337,
  "min_text_recall@1": 0.0,
  "max_text_recall@1": 1.0,
  "mean_text_recall@3": 0.4666666666666667,
  "std_text_recall@3": 0.4988876515698588,
  "min_text_recall@3": 0.0,
  "max_text_recall@3": 1.0,
  "mean_bleu": 0.0398152576767576,
  "std_bleu": 0.04129812673633219,
  "min_bleu": 8.044093791008557e-10,
  "max_bleu": 0.13238010034611578,
  "multi_queries": 5,
  "multi_mean_text_f1": 0.07499999999999998,
  "multi_mean_ctx_f1": 0.10083009430835518,
  "multi_mean_text_recall@3": 0.0,
  "multi_mean_text_recall@5": 0.0,
  "single_queries": 10,
  "single_mean_text_f1": 0.30096570096570097,
  "single_mean_ctx_f1": 0.1753105654141955,
  "single_mean_text_recall@3": 0.7,
  "single_mean_text_recall@5": 0.0,
  "both_queries": 0,
  "both_mean_text_f1": NaN,
  "both_mean_ctx_f1": NaN,
  "both_mean_text_recall@3": NaN,
  "both_mean_text_recall@5": 0.0
}